{
    "A fresh verification link has been sent to your email address.": "A fresh verification link has been sent to your email address.",
    "A new verification link has been sent to the email address you provided during registration.": "A new verification link has been sent to the email address you provided during registration.",
    "All rights reserved.": "All rights reserved.",
    "Already registered?": "Already registered?",
    "Before proceeding, please check your email for a verification link.": "Before proceeding, please check your email for a verification link.",
    "click here to request another": "click here to request another",
    "Confirm Password": "Confirm Password",
    "Dashboard": "Dashboard",
    "E-Mail Address": "E-Mail Address",
    "Email Password Reset Link": "Email Password Reset Link",
    "Email": "Email",
    "Forbidden": "Forbidden",
    "Forgot your password? No problem. Just let us know your email address and we will email you a password reset link that will allow you to choose a new one.": "Forgot your password? No problem. Just let us know your email address and we will email you a password reset link that will allow you to choose a new one.",
    "Forgot your password?": "Forgot your password?",
    "Forgot Your Password?": "Forgot Your Password?",
    "Go Home": "Go Home",
    "Hello!": "Hello!",
    "If you did not create an account, no further action is required.": "If you did not create an account, no further action is required.",
    "If you did not receive the email": "If you did not receive the email",
    "If you did not request a password reset, no further action is required.": "If you did not request a password reset, no further action is required.",
    "If you’re having trouble clicking the \":actionText\" button, copy and paste the URL below\ninto your web browser:": "If you’re having trouble clicking the \":actionText\" button, copy and paste the URL below\ninto your web browser:",
    "Invalid signature.": "Invalid signature.",
    "Login": "Login",
    "Logout": "Logout",
    "Name": "Name",
    "Not Found": "Not Found",
    "Oh no": "Oh no",
    "Page Expired": "Page Expired",
    "Password": "Password",
    "Please click the button below to verify your email address.": "Please click the button below to verify your email address.",
    "Please confirm access to your account by entering one of your emergency recovery codes.": "Please confirm access to your account by entering one of your emergency recovery codes.",
    "Please confirm access to your account by entering the authentication code provided by your authenticator application.": "Please confirm access to your account by entering the authentication code provided by your authenticator application.",
    "Please confirm your password before continuing.": "Please confirm your password before continuing.",
    "Regards": "Regards",
    "Register": "Register",
    "Remember Me": "Remember Me",
    "Resend Verification Email": "Resend Verification Email",
    "Reset Password Notification": "Reset Password Notification",
    "Reset Password": "Reset Password",
    "Send Password Reset Link": "Send Password Reset Link",
    "Server Error": "Server Error",
    "Service Unavailable": "Service Unavailable",
    "The :attribute must be a valid role.": "The :attribute must be a valid role.",
    "This action is unauthorized.": "This action is unauthorized.",
    "This password does not match our records.": "This password does not match our records.",
    "This password reset link will expire in :count minutes.": "This password reset link will expire in :count minutes.",
    "This user already belongs to the team.": "This user already belongs to the team.",
    "Toggle navigation": "Toggle navigation",
    "Too Many Attempts.": "Too Many Attempts.",
    "Too Many Requests": "Too Many Requests",
    "Unauthorized": "Unauthorized",
    "Use a recovery code": "Use a recovery code",
    "Use an authentication code": "Use an authentication code",
    "Verify Email Address": "Verify Email Address",
    "Verify Your Email Address": "Verify Your Email Address",
    "We were unable to find a registered user with this email address.": "We were unable to find a registered user with this email address.",
    "We won't ask for your password again for a few hours.": "We won't ask for your password again for a few hours.",
    "Whoops!": "Whoops!",
    "You are logged in!": "You are logged in!",
    "You are receiving this email because we received a password reset request for your account.": "You are receiving this email because we received a password reset request for your account.",
    "You may not delete your personal team.": "You may not delete your personal team.",
    "You may not leave a team that you created.": "You may not leave a team that you created.",
    "Your email address is not verified.": "Your email address is not verified."
}
