{
    "A fresh verification link has been sent to your email address.": "S'ha enviat un nou enllaç de verificació a la vostra adreça electrònica.",
    "A new verification link has been sent to the email address you provided during registration.": "A new verification link has been sent to the email address you provided during registration.",
    "All rights reserved.": "Tots els drets reservats.",
    "Already registered?": "Already registered?",
    "Before proceeding, please check your email for a verification link.": "Abans de continuar, si us plau, confirmeu la vostra adreça electrònica amb l'enllaç de verificació que us hem enviat.",
    "click here to request another": "feu clic aquí per sol·licitar-ne un altre",
    "Confirm Password": "Confirmar contrasenya",
    "Dashboard": "Dashboard",
    "E-Mail Address": "Adreça electrònica",
    "Email Password Reset Link": "Email Password Reset Link",
    "Email": "Email",
    "Forbidden": "Prohibit",
    "Forgot your password? No problem. Just let us know your email address and we will email you a password reset link that will allow you to choose a new one.": "Forgot your password? No problem. Just let us know your email address and we will email you a password reset link that will allow you to choose a new one.",
    "Forgot your password?": "Forgot your password?",
    "Forgot Your Password?": "Heu oblidat la vostra  contrasenya?",
    "Go Home": "Aneu a l'inici",
    "Hello!": "Hola!",
    "If you did not create an account, no further action is required.": "Si no heu creat cap compte, no es requereix cap acció adicional.",
    "If you did not receive the email": "Si no heu rebut el correu electrònic",
    "If you did not request a password reset, no further action is required.": "Si no heu sol·licitat el restabliment de la contrasenya, obvieu aquest correu electrònic.",
    "If you’re having trouble clicking the \":actionText\" button, copy and paste the URL below\ninto your web browser:": "Si teniu problemes per fer clic al botó \":actionText\", copieu i enganxeu la següent URL \nal vostre navegador web:",
    "Invalid signature.": "Firma no vàlida.",
    "Login": "Entrar",
    "Logout": "Sortir",
    "Name": "Nom",
    "Not Found": "No trobat",
    "Oh no": "Oh no ",
    "Page Expired": "Pàgina caducada",
    "Page Not Found": "Pàgina no trobada",
    "Password": "Contrasenya",
    "Please click the button below to verify your email address.": "Si us plau, feu clic al botó inferior per verificar la vostra adreça electrònica.",
    "Please confirm access to your account by entering one of your emergency recovery codes.": "Please confirm access to your account by entering one of your emergency recovery codes.",
    "Please confirm access to your account by entering the authentication code provided by your authenticator application.": "Please confirm access to your account by entering the authentication code provided by your authenticator application.",
    "Please confirm your password before continuing.": "Si us plau, confirmeu la vostra contrasenya abans de continuar.",
    "Regards": "Salutacions",
    "Register": "Registre",
    "Remember Me": "Recorda'm",
    "Resend Verification Email": "Resend Verification Email",
    "Reset Password Notification": "Notificació de restabliment de contrasenya",
    "Reset Password": "Restablir contrasenya",
    "Send Password Reset Link": "Envia'm enllaç per restablir la contrasenya",
    "Server Error": "Error del servidor",
    "Service Unavailable": "Servei no disponible",
    "The :attribute must be a valid role.": "The :attribute must be a valid role.",
    "This action is unauthorized.": "Aquesta acció no està autoritzada.",
    "This password does not match our records.": "This password does not match our records.",
    "This password reset link will expire in :count minutes.": "Aquest enllaç de restabliment de contrasenya caducarà en :count minuts.",
    "This user already belongs to the team.": "This user already belongs to the team.",
    "Toggle navigation": "Commutar navegació",
    "Too Many Attempts.": "Massa intents",
    "Too Many Requests": "Massa peticions",
    "Unauthorized": "No autoritzat",
    "Use a recovery code": "Use a recovery code",
    "Use an authentication code": "Use an authentication code",
    "Verify Email Address": "Confirmeu la vostra adreça electrònica",
    "Verify Your Email Address": "Verifiqueu la vostra adreça electrònica",
    "We were unable to find a registered user with this email address.": "We were unable to find a registered user with this email address.",
    "We won't ask for your password again for a few hours.": "No tornarem a demanar-vos la contrasenya durant unes hores.",
    "Whoops!": "Vaja!",
    "You are logged in!": "You are logged in!",
    "You are receiving this email because we received a password reset request for your account.": "Heu rebut aquest correu electrònic perquè s'ha solicitat el restabliment de la contrasenya per al vostre compte.",
    "You may not delete your personal team.": "You may not delete your personal team.",
    "You may not leave a team that you created.": "You may not leave a team that you created.",
    "Your email address is not verified.": "La vostra adreça electrònica no està verificada."
}
