{
    "A fresh verification link has been sent to your email address.": "Na vaši e-mailovou adresu byl odeslán nový ověřovací odkaz.",
    "A new verification link has been sent to the email address you provided during registration.": "A new verification link has been sent to the email address you provided during registration.",
    "All rights reserved.": "Všechna práva vyhrazena.",
    "Already registered?": "Already registered?",
    "Before proceeding, please check your email for a verification link.": "Než budete pokračovat, zkontrolujte prosím svůj e-mail pro ověřovací odkaz.",
    "click here to request another": "klikněte zde a vyžádejte si další",
    "Confirm Password": "Kontrola hesla",
    "Dashboard": "Dashboard",
    "E-Mail Address": "E-mailová adresa",
    "Email Password Reset Link": "Email Password Reset Link",
    "Email": "Email",
    "Forbidden": "Zakázáno",
    "Forgot your password? No problem. Just let us know your email address and we will email you a password reset link that will allow you to choose a new one.": "Forgot your password? No problem. Just let us know your email address and we will email you a password reset link that will allow you to choose a new one.",
    "Forgot your password?": "Forgot your password?",
    "Forgot Your Password?": "Zapomněli jste heslo?",
    "Go Home": "Domů",
    "Hello!": "Zdravíme!",
    "If you did not create an account, no further action is required.": "Pokud jste nevytvořili účet, není třeba provádět žádné další akce.",
    "If you did not receive the email": "Pokud jste zprávu neobdrželi",
    "If you did not request a password reset, no further action is required.": "Pokud jste nežádali o obnovení hesla, zprávu smažte. Původní heslo zůstalo beze změny.",
    "If you’re having trouble clicking the \":actionText\" button, copy and paste the URL below\ninto your web browser:": "Pokud máte potíže s klepnutím na tlačítko \":actionText\", zkopírujte a vložte\nníže uvedenou adresu URL do vašeho webového prohlížeče:",
    "Invalid signature.": "Neplatný podpis.",
    "Login": "Přihlášení",
    "Logout": "Odlášení",
    "Name": "Jméno",
    "Not Found": "Nenalezeno",
    "Oh no": "Ach to ne",
    "Page Expired": "Seite abgelaufen",
    "Password": "Heslo",
    "Please click the button below to verify your email address.": "Klepnutím na tlačítko níže ověřte svou e-mailovou adresu.",
    "Please confirm access to your account by entering one of your emergency recovery codes.": "Please confirm access to your account by entering one of your emergency recovery codes.",
    "Please confirm access to your account by entering the authentication code provided by your authenticator application.": "Please confirm access to your account by entering the authentication code provided by your authenticator application.",
    "Please confirm your password before continuing.": "Please confirm your password before continuing.",
    "Regards": "S pozdravem",
    "Register": "Registrace",
    "Remember Me": "Zapamatovat",
    "Resend Verification Email": "Resend Verification Email",
    "Reset Password Notification": "Požadavek na obnovení hesla",
    "Reset Password": "Obnovit heslo",
    "Send Password Reset Link": "Poslat odkaz pro obnovení hesla",
    "Server Error": "Chyba serveru",
    "Service Unavailable": "Služba je nedostupná",
    "The :attribute must be a valid role.": "The :attribute must be a valid role.",
    "This action is unauthorized.": "Pro tuto akci nemáte oprávnění.",
    "This password does not match our records.": "This password does not match our records.",
    "This password reset link will expire in :count minutes.": "Tento odkaz na obnovení hesla vyprší za :count minut.",
    "This user already belongs to the team.": "This user already belongs to the team.",
    "Toggle navigation": "Přepnout navigaci",
    "Too Many Attempts.": "Příliš mnoho pokusů.",
    "Too Many Requests": "Příliš mnoho požadavků",
    "Unauthorized": "Neautorizováno",
    "Use a recovery code": "Use a recovery code",
    "Use an authentication code": "Use an authentication code",
    "Verify Email Address": "Ověřte e-mailovou adresu",
    "Verify Your Email Address": "Ověřte svou e-mailovou adresu",
    "We were unable to find a registered user with this email address.": "We were unable to find a registered user with this email address.",
    "We won't ask for your password again for a few hours.": "We won't ask for your password again for a few hours.",
    "Whoops!": "Jejda!",
    "You are logged in!": "You are logged in!",
    "You are receiving this email because we received a password reset request for your account.": "Tato zpráva vám byla doručena na základě žádosti pro obnovení hesla.",
    "You may not delete your personal team.": "You may not delete your personal team.",
    "You may not leave a team that you created.": "You may not leave a team that you created.",
    "Your email address is not verified.": "Váše emailová adresa není ověřena."
}
