{
    "A fresh verification link has been sent to your email address.": "Ein neuer Bestätigungslink wurde verschickt.",
    "A new verification link has been sent to the email address you provided during registration.": "Ein neuer Bestätigungslink wurde an die E-Mail-Adresse gesendet, die Sie bei der Registrierung angegeben haben.",
    "Add a new team member to your team, allowing them to collaborate with you.": "Fügen Sie ein neues Teammitglied zu Ihrem Team hinzu und erlauben Sie ihm mit Ihnen zusammenzuarbeiten.",
    "Add additional security to your account using two factor authentication.":"Fügen Sie Ihrem Konto zusätzliche Sicherheit hinzu, indem Sie die Zwei-Faktor-Authentifizierung verwenden.",
    "Add Team Member": "Teammitglied hinzufügen",
    "Add": "Hinzufügen",
    "Added.": "Hinzugefügt.",
    "Administrator users can perform any action.": "Administratoren können jede Aktion durchführen.",
    "Administrator": "Administrator",
    "All of the people that are part of this team.": "Alle Personen, die Teil dieses Teams sind.",
    "All rights reserved.": "Alle Rechte vorbehalten.",
    "Already registered?": "Bereits registriert?",
    "API Token Permissions": "API-Token-Berechtigungen",
    "API Token": "API-Token",
    "API tokens allow third-party services to authenticate with our application on your behalf.": "Mit API-Token können sich Dienste von Drittanbietern in Ihrem Namen bei unserer Anwendung authentifizieren.",
    "API Tokens": "API-Token",
    "Are you sure you want to delete this team? Once a team is deleted, all of its resources and data will be permanently deleted.": "Möchten Sie dieses Team wirklich löschen? Sobald ein Team gelöscht wird, werden alle Ressourcen und Daten dauerhaft gelöscht.",
    "Are you sure you want to delete your account? Once your account is deleted, all of its resources and data will be permanently deleted. Please enter your password to confirm you would like to permanently delete your account.": "Möchten Sie Ihr Konto wirklich löschen? Sobald Ihr Konto gelöscht wurde, werden alle Ressourcen und Daten dauerhaft gelöscht. Bitte geben Sie Ihr Passwort ein, um zu bestätigen, dass Sie Ihr Konto dauerhaft löschen möchten.",
    "Are you sure you would like to delete this API token?": "Möchten Sie dieses API-Token wirklich löschen?",
    "Are you sure you would like to leave this team?": "Sind Sie sicher, dass Sie dieses Team verlassen möchten?",
    "Are you sure you would like to remove this person from the team?": "Sind Sie sicher, dass Sie diese Person aus dem Team entfernen möchten?",
    "Before proceeding, please check your email for a verification link.": "Bevor Sie fortfahren, überprüfen Sie bitte Ihr E-Mail-Postfach auf einen Bestätigungslink.",
    "Browser Sessions": "Browsersitzungen",
    "click here to request another": "klicken Sie hier, um einen neuen anzufordern",
    "Close": "Schließen",
    "Code": "Code",
    "Confirm Password": "Passwort bestätigen",
    "Confirm": "Bestätigen",
    "Create a new team to collaborate with others on projects.": "Erstellen Sie ein neues Team, um mit anderen an Projekten zusammenzuarbeiten.",
    "Create API Token": "API-Token erstellen",
    "Create New Team": "Neues Team erstellen",
    "Create Team": "Team erstellen",
    "Create": "Erstellen",
    "Created.": "Erstellt.",
    "Current Password": "Derzeitiges Passwort",
    "Dashboard": "Dashboard",
    "Delete Account": "Account löschen",
    "Delete API Token": "API-Token löschen",
    "Delete Team": "Team löschen",
    "Delete": "Löschen",
    "Disable": "Deaktivieren",
    "Done.": "Erledigt.",
    "E-Mail Address": "E-Mail-Adresse",
    "Editor users have the ability to read, create, and update.": "Editor-Benutzer haben die Möglichkeit, zu lesen, zu erstellen und zu aktualisieren.",
    "Editor": "Editor",
    "Email Password Reset Link": "Link zum Zurücksetzen des Passwortes zusenden",
    "Email": "E-Mail",
    "Enable": "Aktivieren",
    "Ensure your account is using a long, random password to stay secure.": "Stellen Sie sicher, dass Ihr Konto ein langes, zufälliges Passwort verwendet, um die Sicherheit zu gewährleisten.",
    "Error": "Fehler",
    "For your security, please confirm your password to continue.": "Um fortzufahren, bestätigen Sie zu Ihrer Sicherheit bitte Ihr Passwort.",
    "Forbidden": "Verboten",
    "Forgot Your Password?": "Passwort vergessen?",
    "Forgot your password? No problem. Just let us know your email address and we will email you a password reset link that will allow you to choose a new one.": "Haben Sie Ihr Passwort vergessen? Kein Problem. Teilen Sie uns einfach Ihre E-Mail-Adresse mit und wir senden Ihnen per E-Mail einen Link zum Zurücksetzen des Passworts, über den Sie ein Neues auswählen können.",
    "Forgot your password?": "Passwort vergessen?",
    "Go Home": "Nach Hause",
    "Go to page :page": "Gehe zur Seite :page",
    "Hello!": "Hallo!",
    "hi": "hallo",
    "If necessary, you may logout of all of your other browser sessions across all of your devices. If you feel your account has been compromised, you should also update your password.": "Bei Bedarf können Sie sich von allen anderen Browsersitzungen auf allen Ihren Geräten abmelden. Wenn Sie der Meinung sind, dass Ihr Konto kompromittiert wurde, sollten Sie auch Ihr Kennwort aktualisieren.",
    "If you did not create an account, no further action is required.": "Wenn Sie kein Konto erstellt haben, sind keine weiteren Handlungen nötig.",
    "If you did not receive the email": "Wenn Sie keine E-Mail erhalten haben",
    "If you did not request a password reset, no further action is required.": "Wenn Sie kein Zurücksetzen des Passworts beantragt haben, sind keine weiteren Handlungen nötig.",
    "If you’re having trouble clicking the \":actionText\" button, copy and paste the URL below\ninto your web browser:": "Wenn Sie Schwierigkeiten haben, die \":actionText\"-Schaltfläche zu drücken, fügen Sie bitte die folgende Adresse in Ihren Browser ein:",
    "Invalid signature.": "Ungültige Signatur.",
    "Last active": "Zuletzt aktiv",
    "Last used": "Zuletzt verwendet",
    "Leave Team": "Team verlassen",
    "Leave": "Verlassen",
    "Login": "Anmelden",
    "Logout Other Browser Sessions": "Andere Browsersitzungen abmelden",
    "Logout": "Abmelden",
    "Manage Account": "Account verwalten",
    "Manage and logout your active sessions on other browsers and devices.": "Verwalten und Abmelden Ihrer aktiven Sitzungen in anderen Browsern und Geräten.",
    "Manage API Tokens": "API-Token verwalten",
    "Manage Role": "Rolle verwalten",
    "Manage Team": "Team verwalten",
    "Name": "Name",
    "Nevermind": "Keine Ursache",
    "New Password": "Neues Passwort",
    "Not Found": "Nicht gefunden",
    "of": "von",
    "Oh no": "Oh nein",
    "Once a team is deleted, all of its resources and data will be permanently deleted. Before deleting this team, please download any data or information regarding this team that you wish to retain.": "Sobald ein Team gelöscht wird, werden alle Ressourcen und Daten dauerhaft gelöscht. Laden Sie vor dem Löschen dieses Teams alle Daten oder Informationen zu diesem Team herunter, die Sie behalten möchten.",
    "Once your account is deleted, all of its resources and data will be permanently deleted. Before deleting your account, please download any data or information that you wish to retain.": "Sobald Ihr Konto gelöscht wurde, werden alle Ressourcen und Daten dauerhaft gelöscht. Laden Sie vor dem Löschen Ihres Kontos alle Daten oder Informationen herunter, die Sie behalten möchten.",
    "Page Expired": "Seite abgelaufen",
    "Page Not Found": "Seite konnte nicht gefunden werden",
    "Pagination Navigation": "Seitennummerierungsnavigation",
    "Password": "Passwort",
    "Permanently delete this team.": "Löschen Sie dieses Team dauerhaft.",
    "Permanently delete your account.": "Löschen Sie Ihrn Account dauerhaft.",
    "Permissions": "Berechtigungen",
    "Photo": "Foto",
    "Please click the button below to verify your email address.": "Bitte klicken Sie auf die Schaltfläche, um Ihre E-Mail-Adresse zu bestätigen.",
    "Please confirm access to your account by entering one of your emergency recovery codes.": "Bitte bestätigen Sie den Zugriff auf Ihr Konto, indem Sie einen Ihrer Notfall-Wiederherstellungscodes eingeben.",
    "Please confirm access to your account by entering the authentication code provided by your authenticator application.": "Bitte bestätigen Sie den Zugriff auf Ihr Konto, indem Sie den von Ihrer Authentifizierungsanwendung bereitgestellten Authentifizierungscode eingeben.",
    "Please confirm your password before continuing.": "Bitte bestätigen Sie Ihr Passwort bevor Sie fortfahren.",
    "Please copy your new API token. For your security, it won't be shown again.": "Bitte kopieren Sie Ihren neuen API-Token. Zu Ihrer Sicherheit wird er nicht mehr angezeigt",
    "Please enter your password to confirm you would like to logout of your other browser sessions across all of your devices.": "Bitte geben Sie Ihr Passwort ein, um zu bestätigen, dass Sie sich von Ihren anderen Browsersitzungen auf allen Ihren Geräten abmelden möchten.",
    "Please provide the email address of the person you would like to add to this team. The email address must be associated with an existing account.": "Bitte geben Sie die E-Mail-Adresse der Person an, die Sie diesem Team hinzufügen möchten. Die E-Mail-Adresse muss einem vorhandenen Konto zugeordnet sein.",
    "Profile Information": "Profilinformationen",
    "Profile": "Profil",
    "Recovery Code": "Wiederherstellungscode",
    "Regards": "Mit freundlichen Grüßen",
    "Regenerate Recovery Codes": "Wiederherstellungscodes neu generieren",
    "Register": "Registrieren",
    "Remember Me": "Angemeldet bleiben",
    "Remember me": "Angemeldet bleiben",
    "Remove Photo": "Foto entfernen",
    "Remove Team Member": "Teammitglied entfernen",
    "Remove": "Entfernen",
    "Resend Verification Email": "Bestätigungslink erneut senden",
    "Reset Password Notification": "Benachrichtigung zum Zurücksetzen des Passworts",
    "Reset Password": "Passwort zurücksetzen",
    "results": "Ergebnisse",
    "Role": "Rolle",
    "Save": "Speichern",
    "Saved.": "Gespeichert",
    "Select A New Photo": "Wählen Sie ein neues Foto aus",
    "Send Password Reset Link": "Link zum Zurücksetzen des Passworts senden",
    "Server Error": "Interner Fehler",
    "Service Unavailable": "Service nicht verfügbar",
    "Show Recovery Codes": "Zeige die Wiederherstellungscodes",
    "Showing": "Zeigen",
    "Sorry, the page you are looking for could not be found.": "Tut uns leid, die Seite konnte nicht gefunden werden.",
    "Sorry, we are doing some maintenance. Please check back soon.": "Tut uns leid, wir arbeiten gerade an unserer Webseite. Bitte versuchen Sie es später erneut.",
    "Sorry, you are forbidden from accessing this page.": "Tut uns leid, Sie haben keine Rechte, diese Seite zu besuchen.",
    "Sorry, you are making too many requests to our servers.": "Tut uns leid, Sie machen derzeit zu viele Anfragen an unseren Server.",
    "Sorry, you are not authorized to access this page.": "Tut uns leid, Sie haben keine Rechte, diese Seite zu besuchen.",
    "Sorry, your session has expired. Please refresh and try again.": "Tut uns leid, Ihre Sitzung ist abgelaufen. Bitte laden Sie die Seite neu und probieren Sie es erneut.",
    "Store these recovery codes in a secure password manager. They can be used to recover access to your account if your two factor authentication device is lost.": "Speichern Sie diese Wiederherstellungscodes in einem sicheren Passwortmanager. Sie können verwendet werden, um den Zugriff auf Ihr Konto wiederherzustellen, wenn Ihr Zwei-Faktor-Authentifizierungsgerät verloren geht.",
    "Switch Teams": "Teams wechseln",
    "Team Details": "Teamdetails",
    "Team Members": "Teammitglieder",
    "Team Name": "Teamname",
    "Team Owner": "Teambesitzer",
    "Team Settings": "Teameinstellungen",
    "Thanks for signing up! Before getting started, could you verify your email address by clicking on the link we just emailed to you? If you didn't receive the email, we will gladly send you another.": "Danke für's Registrieren! Bevor Sie loslegen, könnten Sie Ihre E-Mail-Adresse verifizieren, indem Sie auf den Link klicken, den wir Ihnen per E-Mail zugeschickt haben? Wenn Sie die E-Mail nicht erhalten haben, senden wir Ihnen gerne eine weitere zu.",
    "The :attribute must be a valid role.": ":attribute muss eine gültige Rolle sein.",
    "The :attribute must be at least :length characters and contain at least one number.": "Das :attribute muss aus mindestens :length Zeichen bestehen und mindestens eine Zahl enthalten.",
    "The :attribute must be at least :length characters and contain at least one special character.": "Das :attribute muss aus mindestens :length Zeichen bestehen und mindestens ein Sonderzeichen enthalten.",
    "The :attribute must be at least :length characters and contain at least one uppercase character and one number.": "Das :attribute muss aus mindestens :length Zeichen bestehen und mindestens einen Großbuchstaben und eine Zahl enthalten.",
    "The :attribute must be at least :length characters and contain at least one uppercase character and one special character.": "Das :attribute muss aus mindestens :length Zeichen bestehen und mindestens einen Großbuchstaben und ein Sonderzeichen enthalten.",
    "The :attribute must be at least :length characters and contain at least one uppercase character, one number, and one special character.": "Das :attribute muss aus mindestens :length Zeichen bestehen und mindestens einen Großbuchstaben, eine Zahl und ein Sonderzeichen enthalten.",
    "The :attribute must be at least :length characters and contain at least one uppercase character.": "Das :attribute muss aus mindestens :length Zeichen bestehen und mindestens einen Großbuchstaben enthalten.",
    "The :attribute must be at least :length characters.": "Das :attribute muss aus mindestens :length Zeichen bestehen.",
    "The provided password does not match your current password.": "Das angegebene Passwort stimmt nicht mit Ihrem aktuellen Passwort überein.",
    "The provided password was incorrect.": "Das angegebene Passwort war falsch.",
    "The provided two factor authentication code was invalid.": "Der angegebene Zwei-Faktor-Authentifizierungscode war ungültig.",
    "The team's name and owner information.": "Der Name des Teams und Informationen zum Besitzer.",
    "This action is unauthorized.": "Diese Aktion wurde nicht authorisiert.",
    "This device": "Dieses Gerät",
    "This password does not match our records.": "Dieses Passwort ist uns nicht bekannt.",
    "This password reset link will expire in :count minutes.": "Dieser Link zum Zurücksetzen des Passworts läuft in :count Minuten ab.",
    "This user already belongs to the team.": "Dieser Benutzer gehört bereits zum Team.",
    "to": "bis",
    "Toggle navigation": "Navigation umschalten",
    "Token Name": "Tokenname",
    "Too Many Attempts.": "Zu viele Versuche.",
    "Too Many Requests": "Zu viele Anfragen",
    "Two Factor Authentication": "Zwei-Faktor-Authentifizierung",
    "Two factor authentication is now enabled. Scan the following QR code using your phone's authenticator application.": "Die Zwei-Faktor-Authentifizierung ist jetzt aktiviert. Scannen Sie den folgenden QR-Code mit der Authentifizierungsanwendung Ihres Telefons.",
    "Unauthorized": "Nicht autorisiert",
    "Update Password": "Passwort aktualisieren",
    "Update your account's profile information and email address.": "Aktualisieren Sie die Profilinformationen und die E-Mail-Adresse Ihres Kontos.",
    "Use a recovery code": "Verwenden Sie einen Wiederherstellungscode",
    "Use an authentication code": "Verwenden Sie einen Authentifizierungscode",
    "Verify Email Address": "E-Mail-Adresse bestätigen",
    "Verify Your Email Address": "Bestätigen Sie Ihre E-Mail-Adresse",
    "We were unable to find a registered user with this email address.": "Wir konnten keinen registrierten Benutzer mit dieser E-Mail-Adresse finden.",
    "We won't ask for your password again for a few hours.": "Wir werden Sie für die nächsten paar Stunden nicht mehr nach dem Passwort fragen.",
    "When two factor authentication is enabled, you will be prompted for a secure, random token during authentication. You may retrieve this token from your phone's Google Authenticator application.": "Wenn die Zwei-Faktor-Authentifizierung aktiviert ist, werden Sie während der Authentifizierung zur Eingabe eines sicheren, zufälligen Tokens aufgefordert. Sie können dieses Token aus der Google Authenticator-Anwendung Ihres Telefons abrufen.",
    "Whoops! Something went wrong.": "Ups, etwas ist schief gelaufen.",
    "Whoops!": "Ups!",
    "Whoops, something went wrong on our servers.": "Ups, etwas ist auf unseren Servern schief gelaufen.",
    "You are logged in!": "Sie sind eingeloggt!",
    "You are receiving this email because we received a password reset request for your account.": "Sie erhalten diese E-Mail, weil wir einen Antrag auf eine Zurücksetzung Ihres Passworts bekommen haben.",
    "You have enabled two factor authentication.": "Sie haben die Zwei-Faktor-Authentifizierung aktiviert.",
    "You have not enabled two factor authentication.": "Sie haben die Zwei-Faktor-Authentifizierung nicht aktiviert.",
    "You may delete any of your existing tokens if they are no longer needed.": "Sie können alle vorhandenen Token löschen, wenn sie nicht mehr benötigt werden.",
    "You may not delete your personal team.": "Sie können Ihr persönliches Team nicht löschen.",
    "You may not leave a team that you created.": "Sie können ein von Ihnen erstelltes Team nicht verlassen.",
    "Your email address is not verified.": "Ihre E-Mail Adresse wurde noch nicht bestätigt."
}
