{
    "A fresh verification link has been sent to your email address.": "Ένας νέος σύνδεσμος επαλήθευσης έχει σταλεί στη διεύθυνση ηλεκτρονικού ταχυδρομείου σας.",
    "A new verification link has been sent to the email address you provided during registration.": "Ένας νέος σύνδεσμος επαλήθευσης έχει σταλεί στη διεύθυνση ηλεκτρονικού ταχυδρομείου που δώσατε κατά την εγγραφή σας.",
    "All rights reserved.": "Πνευματική προστασία περιεχομένου.",
    "Already registered?": "Είστε ήδη εγγεγραμμένος?",
    "Before proceeding, please check your email for a verification link.": "Πριν συνεχίσετε, ελέγξτε το email σας για έναν σύνδεσμο επαλήθευσης.",
    "click here to request another": "κάντε κλικ εδώ για να ζητήσετε ακόμη ένα",
    "Confirm Password": "Επιβεβαίωση Κωδικού",
    "Dashboard": "Dashboard",
    "E-Mail Address": "Διεύθυνση E-Mail",
    "Email Password Reset Link": "Αποστολή Σύνδεσμου Επαναφοράς Κωδικού",
    "Email": "Email",
    "Error": "Σφάλμα",
    "Forbidden": "Απαγορευμένο",
    "Forgot your password? No problem. Just let us know your email address and we will email you a password reset link that will allow you to choose a new one.": "Ξεχάσατε τον κωδικό σας; Κανένα πρόβλημα. Δώστε μας την διεύθυνση ηλεκτρονικού ταχυδρομείου σας και θα σας στείλουμε ένα email με έναν σύνδεσμο (link), που θα σας επιστρέψει να δημιουργήσετε έναν νέο κωδικό πρόσβασης.",
    "Forgot Your Password?": "Ξεχάσατε τον κωδικό σας;",
    "Go Home": "Πήγαινε στην αρχική",
    "Hello!": "Χαίρετε!",
    "hi": "γεια",
    "If you did not create an account, no further action is required.": "Εάν δεν δημιουργήσατε λογαριασμό, δεν απαιτείται περαιτέρω ενέργεια.",
    "If you did not receive the email": "Εάν δεν λάβατε το μήνυμα ηλεκτρονικού ταχυδρομείου",
    "If you did not request a password reset, no further action is required.": "Εάν δεν ζητήσατε επαναφορά κωδικού πρόσβασης, δεν απαιτείται περαιτέρω ενέργεια.",
    "If you’re having trouble clicking the \":actionText\" button, copy and paste the URL below\ninto your web browser:": "Αν αντιμετωπίζετε προβλήματα με το κλικ στο κουμπί \":actionText\", αντιγράψτε και επικολλήστε την παρακάτω διεύθυνση \nστο πρόγραμμα περιήγησης:",
    "Invalid signature.": "Invalid signature.",
    "Login": "Είσοδος",
    "Logout": "Έξοδος",
    "Name": "Όνομα",
    "Not Found": "Not Found",
    "Oh no": "Ωχ, όχι!",
    "Page Expired": "Η συνεδρία έληξε",
    "Page Not Found": "Η σελίδα δεν βρέθηκε",
    "Password": "Κωδικός",
    "Please click the button below to verify your email address.": "Κάντε κλικ στο παρακάτω κουμπί για να επαληθεύσετε τη διεύθυνση ηλεκτρονικού ταχυδρομείου σας.",
    "Please confirm access to your account by entering one of your emergency recovery codes.": "Please confirm access to your account by entering one of your emergency recovery codes.",
    "Please confirm access to your account by entering the authentication code provided by your authenticator application.": "Please confirm access to your account by entering the authentication code provided by your authenticator application.",
    "Please confirm your password before continuing.": "Παρακαλούμε επιβεβαιώστε τον κωδικό σας προκειμέου να συνεχίσετε.",
    "Regards": "Φιλικά",
    "Register": "Εγγραφή",
    "Remember Me": "Μείνετε συνδεμένοι",
    "Resend Verification Email": "Επαναποστολή email επαλήθευσης",
    "Reset Password Notification": "Ειδοποίηση επαναφοράς κωδικού",
    "Reset Password": "Επαναφορά Κωδικού",
    "Send Password Reset Link": "Αποστολή συνδέσμου επαναφοράς κωδικού πρόσβασης",
    "Server Error": "Σφάλμα στον εξυπηρετητή (server)",
    "Service Unavailable": "Μη διαθέσιμη υπηρεσία",
    "Sorry, the page you are looking for could not be found.": "Λυπούμαστε, η σελίδα που ψάχνετε δεν βρέθηκε.",
    "Sorry, we are doing some maintenance. Please check back soon.": "Δυστυχώς, κάνουμε κάποια συντήρηση. Ελέγξτε ξανά σύντομα.",
    "Sorry, you are forbidden from accessing this page.": "Λυπούμαστε, απαγορεύεται να έχετε πρόσβαση σε αυτήν τη σελίδα.",
    "Sorry, you are making too many requests to our servers.": "Λυπούμαστε, κάνετε πολλά αιτήματα στους διακομιστές μας.",
    "Sorry, you are not authorized to access this page.": "Λυπούμαστε, δεν έχετε εξουσιοδότηση για πρόσβαση στη σελίδα αυτή.",
    "Sorry, your session has expired. Please refresh and try again.": "Λυπούμαστε, η σύνοδος σας έχει λήξει. Ανανεώστε τη σελίδα και δοκιμάστε ξανά.",
    "The :attribute must be a valid role.": "The :attribute must be a valid role.",
    "This action is unauthorized.": "Δεν έχετε εξουσιοδότηση γι' αυτή την ενέργεια.",
    "This password does not match our records.": "Ο κωδικός σας, δεν αντιστοιχεί στα στοιχεία μας.",
    "This password reset link will expire in :count minutes.": "Αυτός ο σύνδεσμος επαναφοράς κωδικού, θα λήξει σε :count λεπτά.",
    "This user already belongs to the team.": "Ο χρήστης ανήκει ήδη στην ομάδα.",
    "Toggle navigation": "Εναλλαγή πλοήγησης",
    "Too Many Requests": "Πάρα πολλά αιτήματα",
    "Unauthorized": "Χωρίς εξουσιοδότηση",
    "Use a recovery code": "Use a recovery code",
    "Use an authentication code": "Χρησιμοποιήστε έναν κωδικό εξουσιοδότησης",
    "Verify Email Address": "Επιβεβαιώστε τη διεύθυνση ηλεκτρονικού ταχυδρομείου",
    "Verify Your Email Address": "Επιβεβαιώστε τη διεύθυνση ηλεκτρονικού ταχυδρομείου σας",
    "We were unable to find a registered user with this email address.": "Ήταν αδύνατο να βρούμε έναν εγγεγραμμένο χρήστη, με αυτή τη διεύθυνση ηλεκτρονικού ταχυδρομείου.",
    "We won't ask for your password again for a few hours.": "Δεν θα σας ξαναζητήσουμε τον κωδικό σας για μερικές ώρες.",
    "Whoops!": "Ουπς!",
    "Whoops, something went wrong on our servers.": "Ουπς, κάτι πήγε στραβά.",
    "You are logged in!": "Έχετε συνδεθεί!",
    "You are receiving this email because we received a password reset request for your account.": "Λαμβάνετε αυτό το μήνυμα ηλεκτρονικού ταχυδρομείου επειδή λάβαμε ένα αίτημα επαναφοράς κωδικού πρόσβασης για το λογαριασμό σας.",
    "You may not delete your personal team.": "You may not delete your personal team.",
    "You may not leave a team that you created.": "You may not leave a team that you created.",
    "Your email address is not verified.": "Δεν έχετε επαληθεύσει τη διεύθυνση ηλεκτρονικού ταχυδρομείου σας."
}
