{
    "A fresh verification link has been sent to your email address.": "Baieztapen esteka berri bat bidali da zure helbide elektronikora.",
    "A new verification link has been sent to the email address you provided during registration.": "A new verification link has been sent to the email address you provided during registration.",
    "All rights reserved.": "Eskubide guztiak erreserbatuta.",
    "Already registered?": "Already registered?",
    "Before proceeding, please check your email for a verification link.": "Jarraitu aurretik, begiratu zure posta elektronikoan baieztapen estekarik baden.",
    "click here to request another": "egin klik hemen beste bat eskatzeko",
    "Confirm Password": "Berretsi pasahitza",
    "E-Mail Address": "Helbide elektronikoa",
    "Email Password Reset Link": "Email Password Reset Link",
    "Email": "Email",
    "Error": "Errorea",
    "Forbidden": "Debekatua",
    "Forgot your password? No problem. Just let us know your email address and we will email you a password reset link that will allow you to choose a new one.": "Forgot your password? No problem. Just let us know your email address and we will email you a password reset link that will allow you to choose a new one.",
    "Forgot your password?": "Forgot your password?",
    "Forgot Your Password?": "Pasahitza ahaztu duzu?",
    "Go Home": "Joan etxera",
    "Hello!": "Kaixo!",
    "hi": "iepa",
    "If you did not create an account, no further action is required.": "Ez baduzu konturik sortu, ez duzu ezer egin behar.",
    "If you did not receive the email": "Ez baduzu posta elektronikorik jaso",
    "If you did not request a password reset, no further action is required.": "Ez baduzu pasahitza berrezartzea eskatu, ez duzu ezer egin behar.",
    "If you’re having trouble clicking the \":actionText\" button, copy and paste the URL below\ninto your web browser:": "\":actionText\" botoian klik egitean arazoak badituzu, kopiatu eta itsatsi beheko URLa\nnabigatzailean:",
    "Login": "Hasi saioa",
    "Logout": "Amaitu saioa",
    "Name": "Izena",
    "Oh no": "Oh, ez",
    "Page Expired": "Orria iraungi da",
    "Page Not Found": "Orria ez da aurkitu",
    "Password": "Pasahitza",
    "Please click the button below to verify your email address.": "Egin klik beheko botoian helbide elektronikoa baieztatzeko.",
    "Please confirm access to your account by entering one of your emergency recovery codes.": "Please confirm access to your account by entering one of your emergency recovery codes.",
    "Please confirm access to your account by entering the authentication code provided by your authenticator application.": "Please confirm access to your account by entering the authentication code provided by your authenticator application.",
    "Regards": "Eskuminak",
    "Register": "Erregistratu",
    "Remember Me": "Gogora nazazu",
    "Resend Verification Email": "Resend Verification Email",
    "Reset Password Notification": "Pasahitza berrezartzeko jakinarazpena",
    "Reset Password": "Berrezarri pasahitza",
    "Send Password Reset Link": "Bidali pasahitza berrezartzeko esteka",
    "Service Unavailable": "Zerbitzua ez dago erabilgarri",
    "Sorry, the page you are looking for could not be found.": "Barkatu, bila ari zaren orria ezin izan dugu aurkitu.",
    "Sorry, we are doing some maintenance. Please check back soon.": "Barkatu, mantenu lanetan ari gara. Mesedez saiatu beranduago.",
    "Sorry, you are forbidden from accessing this page.": "Barkatu, orri hau atzitzea debekatuta daukazu.",
    "Sorry, you are making too many requests to our servers.": "Barkatu, gure zerbitzariei eskaera gehiegi egiten ari zara.",
    "Sorry, you are not authorized to access this page.": "Barkatu, ez daukazu orri hau atzitzeko baimenik.",
    "Sorry, your session has expired. Please refresh and try again.": "Barkatu, zure saioa iraungi da. Freskatu eta saiatu berriro.",
    "The :attribute must be a valid role.": "The :attribute must be a valid role.",
    "This password does not match our records.": "This password does not match our records.",
    "This user already belongs to the team.": "This user already belongs to the team.",
    "Toggle navigation": "Txandakatu nabigazioa",
    "Too Many Requests": "Eskaera gehiegi",
    "Unauthorized": "Baimendu gabea",
    "Use a recovery code": "Use a recovery code",
    "Use an authentication code": "Use an authentication code",
    "Verify Email Address": "Baieztatu helbide elektronikoa",
    "Verify Your Email Address": "Baieztatu zure helbide elektronikoa",
    "We were unable to find a registered user with this email address.": "We were unable to find a registered user with this email address.",
    "Whoops!": "Ene bada!",
    "Whoops, something went wrong on our servers.": "Ene bada, arazo bat dago gure zerbitzarietan.",
    "You are receiving this email because we received a password reset request for your account.": "Zure kontutik pasahitza berrezartzeko eskaera bat jaso genuelako jaso duzu posta elektroniko hau.",
    "You may not delete your personal team.": "You may not delete your personal team.",
    "You may not leave a team that you created.": "You may not leave a team that you created."
}
