{
    "A new verification link has been sent to the email address you provided during registration.": "A new verification link has been sent to the email address you provided during registration.",
    "Already registered?": "Already registered?",
    "Confirm Password": "Potvrdite zaporku",
    "E-Mail Address": "Adresa elektronske pošte",
    "Email Password Reset Link": "Email Password Reset Link",
    "Email": "Email",
    "Forgot your password? No problem. Just let us know your email address and we will email you a password reset link that will allow you to choose a new one.": "Forgot your password? No problem. Just let us know your email address and we will email you a password reset link that will allow you to choose a new one.",
    "Forgot your password?": "Forgot your password?",
    "Forgot Your Password?": "Zaboravili ste zaporku?",
    "If you did not request a password reset, no further action is required.": "Ukoliko niste zahtjevali promjenu zaporke, nije potrebno da preduzimate dalje korake.",
    "Login": "Prijava",
    "Logout": "Odjava",
    "Name": "Ime",
    "Password": "Zaporka",
    "Please confirm access to your account by entering one of your emergency recovery codes.": "Please confirm access to your account by entering one of your emergency recovery codes.",
    "Please confirm access to your account by entering the authentication code provided by your authenticator application.": "Please confirm access to your account by entering the authentication code provided by your authenticator application.",
    "Register": "Registracija",
    "Remember Me": "Zapamti me",
    "Resend Verification Email": "Resend Verification Email",
    "Reset Password Notification": "Obavijest o resetovanju zaporke",
    "Reset Password": "Resetuj zaporku",
    "Send Password Reset Link": "Pošalji poveznicu za reset zaporke",
    "The :attribute must be a valid role.": "The :attribute must be a valid role.",
    "This password does not match our records.": "This password does not match our records.",
    "This user already belongs to the team.": "This user already belongs to the team.",
    "Use a recovery code": "Use a recovery code",
    "Use an authentication code": "Use an authentication code",
    "We were unable to find a registered user with this email address.": "We were unable to find a registered user with this email address.",
    "You are receiving this email because we received a password reset request for your account.": "Ovaj e-mail Vam je poslat jer ste zahtjevali promjenu zaporke za vaš nalog.",
    "You may not delete your personal team.": "You may not delete your personal team.",
    "You may not leave a team that you created.": "You may not leave a team that you created."
}
