{
    "A fresh verification link has been sent to your email address.": "Er is een nieuwe verificatielink naar je e-mailadres verstuurd.",
    "A new verification link has been sent to the email address you provided during registration.": "A new verification link has been sent to the email address you provided during registration.",
    "All rights reserved.": "Alle rechten voorbehouden.",
    "Already registered?": "Already registered?",
    "Before proceeding, please check your email for a verification link.": "Om verder te gaan, check je e-mail voor een verificatielink.",
    "click here to request another": "vraag hier een andere aan",
    "Confirm Password": "Bevestig wachtwoord",
    "Dashboard": "Dashboard",
    "E-Mail Address": "E-mailadres",
    "Email Password Reset Link": "Email Password Reset Link",
    "Email": "Email",
    "Error": "Fout",
    "Forbidden": "Geen toegang",
    "Forgot your password? No problem. Just let us know your email address and we will email you a password reset link that will allow you to choose a new one.": "Forgot your password? No problem. Just let us know your email address and we will email you a password reset link that will allow you to choose a new one.",
    "Forgot your password?": "Forgot your password?",
    "Forgot Your Password?": "Wachtwoord vergeten?",
    "Go Home": "Terug naar de voorpagina",
    "Hello!": "Hallo!",
    "hi": "hallo",
    "If you did not create an account, no further action is required.": "Als je geen account hebt aangemaakt hoef je verder niets te doen.",
    "If you did not receive the email": "Als je de e-mail niet hebt ontvangen:",
    "If you did not request a password reset, no further action is required.": "Als je geen wachtwoordherstel hebt aangevraagd, hoef je verder niets te doen.",
    "If you’re having trouble clicking the \":actionText\" button, copy and paste the URL below\ninto your web browser:": "Als je problemen hebt met de \":actionText\" knop, kopieer en plak de URL hieronder\nin je webbrowser:",
    "Invalid signature.": "Ongeldige handtekening.",
    "Login": "Inloggen",
    "Logout": "Uitloggen",
    "Name": "Naam",
    "Not Found": "Niet gevonden",
    "Oh no": "Oh nee",
    "Page Expired": "Pagina niet meer geldig",
    "Page Not Found": "Pagina niet gevonden",
    "Password": "Wachtwoord",
    "Please click the button below to verify your email address.": "Klik op de knop hieronder om je e-mailadres te verifiëren.",
    "Please confirm access to your account by entering one of your emergency recovery codes.": "Please confirm access to your account by entering one of your emergency recovery codes.",
    "Please confirm access to your account by entering the authentication code provided by your authenticator application.": "Please confirm access to your account by entering the authentication code provided by your authenticator application.",
    "Please confirm your password before continuing.": "Bevestig je wachtwoord om verder te gaan.",
    "Regards": "Met vriendelijke groet",
    "Register": "Registreren",
    "Remember Me": "Onthoud mij",
    "Resend Verification Email": "Resend Verification Email",
    "Reset Password Notification": "Wachtwoordherstel notificatie",
    "Reset Password": "Wachtwoord herstellen",
    "Send Password Reset Link": "Verstuur link voor wachtwoordherstel",
    "Server Error": "Server fout",
    "Service Unavailable": "Website onbeschikbaar",
    "Sorry, the page you are looking for could not be found.": "Sorry, deze pagina kon niet gevonden worden.",
    "Sorry, we are doing some maintenance. Please check back soon.": "Sorry, we zijn op dit moment bezig met onderhoud. Probeer het straks nog eens.",
    "Sorry, you are forbidden from accessing this page.": "Sorry, je mag deze pagina niet opvragen.",
    "Sorry, you are making too many requests to our servers.": "Sorry, je doet teveel aanvragen naar onze servers.",
    "Sorry, you are not authorized to access this page.": "Sorry, je hebt geen toegang tot deze pagina.",
    "Sorry, your session has expired. Please refresh and try again.": "Sorry, je sessie is verlopen. Herlaad de pagina en probeer het opnieuw.",
    "The :attribute must be a valid role.": "The :attribute must be a valid role.",
    "This action is unauthorized.": "Deze actie is niet toegestaan.",
    "This password does not match our records.": "This password does not match our records.",
    "This password reset link will expire in :count minutes.": "Deze link om je wachtwoord te herstellen verloopt over :count minuten.",
    "This user already belongs to the team.": "This user already belongs to the team.",
    "Toggle navigation": "Schakel navigatie",
    "Too Many Attempts.": "Te veel pogingen.",
    "Too Many Requests": "Te veel serververzoeken",
    "Unauthorized": "Onbevoegd",
    "Use a recovery code": "Use a recovery code",
    "Use an authentication code": "Use an authentication code",
    "Verify Email Address": "Verifieer e-mailadres",
    "Verify Your Email Address": "Verifieer je e-mailadres",
    "We were unable to find a registered user with this email address.": "We were unable to find a registered user with this email address.",
    "We won't ask for your password again for a few hours.": "We zullen je de komende uren niet nogmaals om je wachtwoord vragen.",
    "Whoops!": "Oeps!",
    "Whoops, something went wrong on our servers.": "Oeps, er ging iets fout op onze servers.",
    "You are logged in!": "Je bent ingelogd!",
    "You are receiving this email because we received a password reset request for your account.": "Je ontvangt deze e-mail omdat we een wachtwoordherstel verzoek hebben ontvangen voor je account.",
    "You may not delete your personal team.": "You may not delete your personal team.",
    "You may not leave a team that you created.": "You may not leave a team that you created.",
    "Your email address is not verified.": "Je e-mailadres is niet geverifieerd."
}
