{
    "A fresh verification link has been sent to your email address.": "Yeni bir doğrulama bağlantısı e-posta adresinize gönderildi.",
    "A new verification link has been sent to the email address you provided during registration.": "Üyelik esnasında kullandığınız e-posta adresinize onay linki gönderildi.",
    "All rights reserved.": "Tüm hakları saklıdır.",
    "Already registered?": "Zaten Üye Misiniz?",
    "Before proceeding, please check your email for a verification link.": "Devam etmeden önce, doğrulama bağlantısı için lütfen e-postanızı kontrol edin.",
    "click here to request another": "başka bir tane daha talep etmek için tıklayın",
    "Confirm Password": "Parolayı Onayla",
    "Dashboard": "Dashboard",
    "E-Mail Address": "E-Posta Adresi",
    "Email Password Reset Link": "E-Posta Şifre Sıfırlama Linki",
    "Email": "E-Posta",
    "Error": "Hata",
    "Forbidden": "Yasak",
    "Forgot your password? No problem. Just let us know your email address and we will email you a password reset link that will allow you to choose a new one.": "Şifrenizi mi unuttunuz? Sorun değil. Sadece e-posta adresinizi bize söyleyin size yeni şifrenizi belirleyebileceğiniz bir parola sıfırlama linki gönderelim.",
    "Forgot your password?": "Şifrenizi mi unuttunuz?",
    "Forgot Your Password?": "Parolamı Unuttum?",
    "Go Home": "Anasayfaya Git",
    "Hello!": "Merhaba!",
    "hi": "merhaba",
    "If you did not create an account, no further action is required.": "Bir hesap oluşturmadıysanız, başka bir işlem yapmanıza gerek yoktur.",
    "If you did not receive the email": "E-postayı almadıysanız",
    "If you did not request a password reset, no further action is required.": "Bir parola sıfırlama talebinde bulunmadıysanız, başka bir işlem yapmanıza gerek yoktur.",
    "If you’re having trouble clicking the \":actionText\" button, copy and paste the URL below\ninto your web browser:": "\":actionText\" düğmesine tıklamakta sorun yaşıyorsanız, aşağıdaki bağlantıyı kopyalayıp\ntarayıcınıza yapıştırın: [:actionURL](:actionURL)",
    "Invalid signature.": "Geçersiz imza.",
    "Login": "Giriş Yap",
    "Logout": "Çıkış Yap",
    "Name": "Ad",
    "Not Found": "Bulunamadı",
    "Oh no": "Ah hayır",
    "Page Expired": "Sayfa zaman aşımına uğradı",
    "Page Not Found": "Sayfa Bulunamadı",
    "Password": "Parola",
    "Please click the button below to verify your email address.": "E-posta adresinizi doğrulamak için lütfen aşağıdaki düğmeye tıklayın.",
    "Please confirm access to your account by entering one of your emergency recovery codes.": "Girişinizi onaylamak için lütfen hesap kurtarma kodlarınızdan birini girin.",
    "Please confirm access to your account by entering the authentication code provided by your authenticator application.": "Please confirm access to your account by entering the authentication code provided by your authenticator application.",
    "Please confirm your password before continuing.": "Devam etmeden önce lütfen parolanızı onaylayın.",
    "Regards": "En iyi dileklerle",
    "Register": "Kayıt Ol",
    "Remember Me": "Beni Hatırla",
    "Resend Verification Email": "Onay Mailini Tekrar Gönder",
    "Reset Password Notification": "Parola Sıfırlama Bildirimi",
    "Reset Password": "Parolayı Sıfırla",
    "Send Password Reset Link": "Parola Sıfırlama Bağlantısı Gönder",
    "Server Error": "Sunucu Hatası",
    "Service Unavailable": "Hizmet Kullanılamıyor",
    "Sorry, the page you are looking for could not be found.": "Üzgünüz, aradığınız sayfa bulunamadı.",
    "Sorry, we are doing some maintenance. Please check back soon.": "Üzgünüz, biraz bakım yapıyoruz. Lütfen kısa bir süre sonra tekrar kontrol edin.",
    "Sorry, you are forbidden from accessing this page.": "Üzgünüz, bu sayfaya erişmeniz yasaklandı.",
    "Sorry, you are making too many requests to our servers.": "Üzgünüz, sunucularımıza çok fazla istekte bulunuyorsunuz.",
    "Sorry, you are not authorized to access this page.": "Üzgünüz, bu sayfaya erişme izniniz yok.",
    "Sorry, your session has expired. Please refresh and try again.": "Üzgünüz, oturumunuzun süresi doldu. Lütfen yenileyin ve tekrar deneyin.",
    "The :attribute must be a valid role.": "The :attribute must be a valid role.",
    "This action is unauthorized.": "Bu işleme izin verilmiyor.",
    "This password does not match our records.": "Şifreniz kayıtlarımızla eşleşmiyor.",
    "This password reset link will expire in :count minutes.": "Bu parola sıfırlama bağlantısının geçerliliği :count dakika sonra sona erecek.",
    "This user already belongs to the team.": "This user already belongs to the team.",
    "Toggle navigation": "Menüyü Aç/Kapat",
    "Too Many Attempts.": "Çok Fazla Deneme.",
    "Too Many Requests": "Çok Fazla İstek",
    "Unauthorized": "İzinsiz",
    "Use a recovery code": "Kurtarma kodu kullan",
    "Use an authentication code": "Use an authentication code",
    "Verify Email Address": "E-posta Adresini Doğrula",
    "Verify Your Email Address": "E-posta Adresinizi Doğrulayın",
    "We were unable to find a registered user with this email address.": "We were unable to find a registered user with this email address.",
    "We won't ask for your password again for a few hours.": "Birkaç saat boyunca parolanızı tekrar sormayacağız",
    "Whoops!": "Hoppala!",
    "Whoops, something went wrong on our servers.": "Hoppala, sunucularımızda bir şeyler ters gitti.",
    "You are logged in!": "You are logged in!",
    "You are receiving this email because we received a password reset request for your account.": "Hesabınız için bir parola sıfırlama talebi aldığımız için bu e-postayı alıyorsunuz.",
    "You may not delete your personal team.": "You may not delete your personal team.",
    "You may not leave a team that you created.": "You may not leave a team that you created.",
    "Your email address is not verified.": "E-posta adresiniz doğrulanmadı."
}
