{
    "A fresh verification link has been sent to your email address.": "Нове посилання для підтвердження електронної адреси було надіслане Вам на пошту",
    "A new verification link has been sent to the email address you provided during registration.": "A new verification link has been sent to the email address you provided during registration.",
    "All rights reserved.": "Усі права захищені.",
    "Already registered?": "Already registered?",
    "Before proceeding, please check your email for a verification link.": "Перед продовженням, будь ласка, перевірте електронну пошту з посиланням на підтвердження електронної адреси.",
    "click here to request another": "натисніть тут для повторного запиту",
    "Confirm Password": "Підтвердити пароль",
    "Dashboard": "Головна",
    "E-Mail Address": "Адреса електронної пошти",
    "Email Password Reset Link": "Email Password Reset Link",
    "Email": "Email",
    "Error": "Помилка",
    "Forbidden": "Заборонено",
    "Forgot your password? No problem. Just let us know your email address and we will email you a password reset link that will allow you to choose a new one.": "Forgot your password? No problem. Just let us know your email address and we will email you a password reset link that will allow you to choose a new one.",
    "Forgot your password?": "Forgot your password?",
    "Forgot Your Password?": "Забули пароль?",
    "Go Home": "На Головну",
    "Hello!": "Привіт!",
    "hi": "привіт",
    "If you did not create an account, no further action is required.": "Якщо ви не створювали акаунт, подальші дії не потрібні.",
    "If you did not receive the email": "Якщо ви не отримали листа",
    "If you did not request a password reset, no further action is required.": "Якщо ви не надсилали запит на скидання паролю, подальші дії не потрібні.",
    "If you’re having trouble clicking the \":actionText\" button, copy and paste the URL below\ninto your web browser:": "Якщо у вас виникли проблеми натискаючи на кнопку \":actionText\", скопіюйте та вставте URL нижче\nу свій браузер:",
    "Invalid signature.": "Недійсний підпис.",
    "Login": "Увійти",
    "Logout": "Вийти",
    "Name": "Ім'я",
    "Not Found": "Не знайдено",
    "Oh no": "О ні",
    "Page Expired": "Час сесії минув",
    "Page Not Found": "Сторінку не знайдено",
    "Password": "Пароль",
    "Please click the button below to verify your email address.": "Будь ласка, натисніть кнопку нижче щоб підтвердити свою електронну адресу.",
    "Please confirm access to your account by entering one of your emergency recovery codes.": "Please confirm access to your account by entering one of your emergency recovery codes.",
    "Please confirm access to your account by entering the authentication code provided by your authenticator application.": "Please confirm access to your account by entering the authentication code provided by your authenticator application.",
    "Please confirm your password before continuing.": "Підтвердьте свій пароль, перш ніж продовжувати.",
    "Regards": "З повагою",
    "Register": "Реєстрація",
    "Remember Me": "Запам'ятати мене",
    "Resend Verification Email": "Resend Verification Email",
    "Reset Password Notification": "Сповіщення про скидання пароля",
    "Reset Password": "Відновити пароль",
    "Send Password Reset Link": "Надіслати посилання для відновлення пароля",
    "Server Error": "Помилка серверу",
    "Service Unavailable": "Сервіс недоступний",
    "Sorry, the page you are looking for could not be found.": "Вибачте, сторінка, яку ви шукаєте, не знайдена.",
    "Sorry, we are doing some maintenance. Please check back soon.": "Вибачте, ми виконуємо певне технічне обслуговування. Будь ласка, перевірте пізніше.",
    "Sorry, you are forbidden from accessing this page.": "Вибачте, вам відмовлено у доступі до цієї сторінки.",
    "Sorry, you are forbidden to access this page.": "Вибачте, ви не маєте дозволу на доступ до цієї сторінки.",
    "Sorry, you are making too many requests to our servers.": "Вибачте, ви надсилаєте надто багато запитів на наші сервери.",
    "Sorry, you are not authorized to access this page.": "Вибачте, ви не авторизовані для доступу до цієї сторінки.",
    "Sorry, your session has expired. Please refresh and try again.": "Вибачте, ваш сеанс закінчився. Будь ласка, оновіть сторінку та повторіть спробу.",
    "The :attribute must be a valid role.": "The :attribute must be a valid role.",
    "This action is unauthorized.": "Ця дія несанкціонована.",
    "This password does not match our records.": "This password does not match our records.",
    "This password reset link will expire in :count minutes.": "Термін дії цього посилання для скидання пароля закінчується через :count хвилин.",
    "This user already belongs to the team.": "This user already belongs to the team.",
    "Toggle navigation": "Перемкнути меню",
    "Too Many Attempts.": "Занадто багато спроб.",
    "Too Many Requests": "Забагато запитів",
    "Unauthorized": "Неавторизований",
    "Use a recovery code": "Use a recovery code",
    "Use an authentication code": "Use an authentication code",
    "Verify Email Address": "Підтвердьте адресу електронної пошти",
    "Verify Your Email Address": "Підтвердьте свою адресу електронної пошти",
    "We were unable to find a registered user with this email address.": "We were unable to find a registered user with this email address.",
    "We won't ask for your password again for a few hours.": "Ми не будемо запитувати ваш пароль знову протягом кількох годин.",
    "Whoops!": "Ой!",
    "Whoops, something went wrong on our servers.": "Ой, щось пішло не так на наших серверах.",
    "You are logged in!": "Ви увійшли в систему",
    "You are receiving this email because we received a password reset request for your account.": "Ви отримали цей електронний лист, оскільки ми отримали запит на скидання паролю для вашого облікового запису.",
    "You may not delete your personal team.": "You may not delete your personal team.",
    "You may not leave a team that you created.": "You may not leave a team that you created.",
    "Your email address is not verified.": "Ваша електронна адреса не підтверджена."
}
