{
    "A fresh verification link has been sent to your email address.": "新的驗證鏈接已發送到您的 E-mail。",
    "A new verification link has been sent to the email address you provided during registration.": "A new verification link has been sent to the email address you provided during registration.",
    "All rights reserved.": "版權所有。",
    "Already registered?": "Already registered?",
    "Before proceeding, please check your email for a verification link.": "在繼續之前請先驗證您的 E-mail。",
    "click here to request another": "點擊重新發送 E-mail",
    "Confirm Password": "確認密碼",
    "Dashboard": "儀表版",
    "E-Mail Address": "E-mail",
    "Email Password Reset Link": "Email Password Reset Link",
    "Email": "Email",
    "Forbidden": "訪問被拒絕",
    "Forgot your password? No problem. Just let us know your email address and we will email you a password reset link that will allow you to choose a new one.": "Forgot your password? No problem. Just let us know your email address and we will email you a password reset link that will allow you to choose a new one.",
    "Forgot your password?": "Forgot your password?",
    "Forgot Your Password?": "忘記密碼？",
    "Go Home": "回首頁",
    "Hello!": "您好：",
    "If you did not create an account, no further action is required.": "如果您未註冊帳號，請忽略此郵件。",
    "If you did not receive the email": "如果您沒有收到",
    "If you did not request a password reset, no further action is required.": "如果您未申請重置密碼，請忽略此郵件。",
    "If you’re having trouble clicking the \":actionText\" button, copy and paste the URL below\ninto your web browser:": "如果您點擊「:actionText」按鈕時出現問題，請複製下方連結到瀏覽器中開啟：",
    "Invalid signature.": "簽名無效",
    "Login": "登錄",
    "Logout": "註銷",
    "Name": "姓名",
    "Not Found": "頁面不存在",
    "Oh no": "不好了",
    "Page Expired": "頁面已過期",
    "Password": "密碼",
    "Please click the button below to verify your email address.": "請點擊下面按鈕驗證您的 E-mail：",
    "Please confirm access to your account by entering one of your emergency recovery codes.": "Please confirm access to your account by entering one of your emergency recovery codes.",
    "Please confirm access to your account by entering the authentication code provided by your authenticator application.": "Please confirm access to your account by entering the authentication code provided by your authenticator application.",
    "Please confirm your password before continuing.": "如要繼續操作，請先確認密碼。",
    "Regards": "致敬",
    "Register": "註冊",
    "Remember Me": "記住我",
    "Resend Verification Email": "Resend Verification Email",
    "Reset Password Notification": "重置密碼通知",
    "Reset Password": "重置密碼",
    "Send Password Reset Link": "發送重置密碼鏈接",
    "Server Error": "伺服器錯誤",
    "Service Unavailable": "暫時不提供服務",
    "The :attribute must be a valid role.": "The :attribute must be a valid role.",
    "This action is unauthorized.": "權限不足",
    "This password does not match our records.": "This password does not match our records.",
    "This password reset link will expire in :count minutes.": "這個重置密碼鏈接將於 :count 分鐘後過期。",
    "This user already belongs to the team.": "This user already belongs to the team.",
    "Toggle navigation": "切換導航",
    "Too Many Attempts.": "嘗試次數過多",
    "Too Many Requests": "請求次數過多",
    "Unauthorized": "未授權",
    "Use a recovery code": "Use a recovery code",
    "Use an authentication code": "Use an authentication code",
    "Verify Email Address": "驗證 E-mail",
    "Verify Your Email Address": "驗證 E-mail",
    "We were unable to find a registered user with this email address.": "We were unable to find a registered user with this email address.",
    "We won't ask for your password again for a few hours.": "確認完成後，接下來幾個小時內您不需再輸入密碼。",
    "Whoops!": "哎呦！",
    "You are logged in!": "您已登錄",
    "You are receiving this email because we received a password reset request for your account.": "您收到此電子郵件是因爲我們收到了您帳戶的密碼重設請求。",
    "You may not delete your personal team.": "You may not delete your personal team.",
    "You may not leave a team that you created.": "You may not leave a team that you created.",
    "Your email address is not verified.": "您的電子郵件尚未驗證通過"
}
